residue,pos,x_mean,y_mean,z_mean,pLDDT,pLDDT_bin
MET,1,-0.6715,12.0983,16.9264,59.39,0.0
VAL,2,-3.0051,10.5274,11.2209,78.0,1.0
HIS,3,-5.2563,14.6028,15.6335,89.13,1.0
LEU,4,-7.8278,8.4389,11.9871,93.79,1.0
THR,5,-13.3752,11.0641,14.451,96.05,1.0
PRO,6,-13.6506,7.8273,18.3714,95.49,1.0
GLU,7,-16.9828,7.4532,14.7485,96.59,1.0
GLU,8,-12.5475,8.9935,11.0281,97.34,1.0
LYS,9,-8.347,5.7907,15.9991,95.9,1.0
SER,10,-14.248,1.764,14.2093,96.4,1.0
ALA,11,-14.4927,3.3367,9.504,97.36,1.0
VAL,12,-8.9439,3.1432,8.6911,97.74,1.0
THR,13,-9.4598,-1.4789,12.5449,96.49,1.0
ALA,14,-13.9798,-2.1995,10.1215,97.55,1.0
LEU,15,-12.6077,-1.0007,3.9732,98.31,1.0
TRP,16,-5.4719,-2.4688,5.6602,97.94,1.0
GLY,17,-9.679,-6.615,8.026,97.63,1.0
LYS,18,-14.4741,-6.4018,4.6633,98.07,1.0
VAL,19,-7.0958,-4.9109,2.5812,98.33,1.0
ASN,20,-5.8441,-10.6127,-0.621,97.81,1.0
VAL,21,-1.7992,-7.1778,3.3782,97.15,1.0
ASP,22,-0.1763,-11.1225,-0.2324,95.52,1.0
GLU,23,-4.8687,-9.452,-4.3471,97.11,1.0
VAL,24,-4.9041,-4.4958,-1.8932,98.57,1.0
GLY,25,0.168,-4.552,-2.208,98.43,1.0
GLY,26,1.266,-5.904,-5.612,98.48,1.0
GLU,27,-3.661,-3.946,-7.6882,98.77,1.0
ALA,28,-1.213,-0.6638,-4.4238,98.83,1.0
LEU,29,5.1169,-1.2693,-5.5715,98.82,1.0
GLY,30,2.339,-1.919,-9.898,98.83,1.0
ARG,31,-3.9724,-0.0353,-10.4552,98.87,1.0
LEU,32,3.5977,4.2479,-7.0691,98.88,1.0
LEU,33,6.5851,0.7253,-10.3175,98.82,1.0
VAL,34,1.4514,1.2395,-14.9456,98.8,1.0
VAL,35,-0.7723,6.0005,-12.6708,98.78,1.0
TYR,36,1.7878,8.8075,-10.2635,98.71,1.0
PRO,37,5.8559,6.776,-15.7465,98.31,1.0
TRP,38,7.0954,10.5298,-11.9271,98.49,1.0
THR,39,7.5735,6.3586,-9.1417,98.64,1.0
GLN,40,8.9959,2.5032,-13.9047,98.44,1.0
ARG,41,14.9202,8.1264,-9.6868,97.78,1.0
PHE,42,13.4698,5.4521,-6.5488,97.83,1.0
PHE,43,11.3032,-0.0057,-7.5829,98.19,1.0
GLU,44,17.4273,0.8054,-12.585,96.46,1.0
SER,45,17.5637,-4.107,-9.3174,98.07,1.0
PHE,46,12.2171,-4.6679,-8.3728,98.5,1.0
GLY,47,13.895,-6.5,-14.705,97.94,1.0
ASP,48,10.5768,-6.4586,-18.4724,98.43,1.0
LEU,49,9.7117,-2.3523,-14.0545,98.63,1.0
SER,50,9.2747,-2.4377,-20.743,97.82,1.0
THR,51,4.9776,-2.8351,-21.7007,98.59,1.0
PRO,52,1.0666,-0.648,-19.0907,98.74,1.0
ASP,53,0.3644,-5.9368,-19.6499,98.67,1.0
ALA,54,5.8058,-5.7708,-18.6592,98.59,1.0
VAL,55,5.0461,-2.2545,-14.4244,98.77,1.0
MET,56,-0.2079,-4.4418,-12.9868,98.56,1.0
GLY,57,3.017,-9.178,-14.132,98.36,1.0
ASN,58,8.0297,-7.3276,-12.8676,98.66,1.0
PRO,59,7.625,-12.1892,-10.9414,98.4,1.0
LYS,60,13.0011,-9.1073,-9.0828,98.7,1.0
VAL,61,6.5465,-4.7293,-9.4767,98.69,1.0
LYS,62,2.3619,-9.7382,-8.9679,98.56,1.0
ALA,63,7.6428,-10.0732,-4.3047,98.42,1.0
HIS,64,9.5689,-4.0152,-2.9418,98.54,1.0
GLY,65,4.336,-4.428,-3.022,98.65,1.0
LYS,66,3.4654,-10.4999,0.5394,98.15,1.0
LYS,67,9.9398,-5.7153,2.3144,98.2,1.0
VAL,68,5.7104,-1.0961,0.1435,97.88,1.0
LEU,69,-0.3397,-2.8197,1.1135,97.7,1.0
GLY,70,2.84,-5.303,5.21,97.33,1.0
ALA,71,5.7225,-2.0748,6.161,97.11,1.0
PHE,72,-0.5453,1.3712,4.8185,97.16,1.0
SER,73,-0.5866,-3.9266,7.1367,96.24,1.0
ASP,74,3.1933,-3.5864,10.6388,93.67,1.0
GLY,75,1.361,1.196,10.818,95.38,1.0
LEU,76,-3.5734,0.5621,8.9564,95.46,1.0
ALA,77,-1.3493,-2.2082,14.226,93.35,1.0
HIS,78,1.6724,0.2623,16.0395,94.05,1.0
LEU,79,-4.0828,4.3294,12.9036,92.91,1.0
ASP,80,-2.6106,6.645,18.4815,91.68,1.0
ASN,81,3.7859,5.7583,18.1947,95.03,1.0
LEU,82,0.9249,6.5179,11.8065,96.65,1.0
LYS,83,6.0156,12.1221,13.4016,95.73,1.0
GLY,84,7.746,6.089,15.947,96.18,1.0
THR,85,5.009,2.2194,13.7568,97.2,1.0
PHE,86,5.5108,3.8234,9.1432,97.86,1.0
ALA,87,11.1537,6.1458,13.2622,97.37,1.0
THR,88,14.2948,1.8819,11.4921,97.49,1.0
LEU,89,10.3475,1.2777,7.0374,97.97,1.0
SER,90,11.4761,7.7687,7.9053,98.26,1.0
GLU,91,16.3784,6.8461,9.9471,98.18,1.0
LEU,92,15.8343,1.6284,4.6605,98.3,1.0
HIS,93,12.0558,4.5567,2.4262,98.34,1.0
CYS,94,16.3287,9.7919,4.215,97.69,1.0
ASP,95,19.8911,7.9709,5.3746,97.14,1.0
LYS,96,21.8807,3.7466,3.5318,97.1,1.0
LEU,97,15.9506,2.7787,-0.3001,97.15,1.0
HIS,98,19.6325,8.5712,-1.5025,97.0,1.0
VAL,99,12.3672,6.8767,-2.2778,98.0,1.0
ASP,100,11.4145,12.8323,-3.7981,97.91,1.0
PRO,101,10.1675,13.0306,0.9278,97.9,1.0
GLU,102,5.7179,14.4045,-3.6007,98.16,1.0
ASN,103,8.3032,9.3898,-4.7844,98.39,1.0
PHE,104,7.4609,8.1274,1.0816,98.31,1.0
ARG,105,2.7974,14.1052,0.3528,98.37,1.0
LEU,106,2.9306,10.5537,-6.4116,98.71,1.0
LEU,107,2.7571,3.7581,-2.6977,98.75,1.0
GLY,108,-0.938,6.701,-0.718,98.66,1.0
ASN,109,-2.7673,10.1617,-3.6739,98.79,1.0
VAL,110,-1.5066,4.5415,-6.7314,98.83,1.0
LEU,111,-3.0201,1.7776,-0.5053,98.82,1.0
VAL,112,-7.1913,6.3901,-1.2271,98.8,1.0
CYS,113,-6.993,5.1864,-6.6896,98.81,1.0
VAL,114,-5.4555,-0.4582,-5.4906,98.82,1.0
LEU,115,-7.9941,0.4642,-0.0429,98.78,1.0
ALA,116,-11.7592,3.0795,-4.3497,98.74,1.0
HIS,117,-10.4528,-1.6331,-8.914,98.66,1.0
HIS,118,-9.2631,-4.6346,-4.8811,98.5,1.0
PHE,119,-12.6183,-3.2412,-0.0855,98.51,1.0
GLY,120,-16.798,-0.618,-4.662,98.2,1.0
LYS,121,-22.9017,-0.7454,-4.5631,97.99,1.0
GLU,122,-18.1565,-2.6787,1.0442,98.0,1.0
PHE,123,-12.8917,3.0202,-0.4212,98.58,1.0
THR,124,-19.2317,4.196,1.9806,98.66,1.0
PRO,125,-18.5377,9.0374,-0.0522,98.66,1.0
PRO,126,-18.408,8.6255,4.8402,98.29,1.0
VAL,127,-14.9163,3.8145,4.3856,98.46,1.0
GLN,128,-12.4242,8.3241,-0.6827,98.67,1.0
ALA,129,-13.0343,10.9462,4.0293,98.34,1.0
ALA,130,-11.5538,7.5483,7.2893,98.13,1.0
TYR,131,-8.6356,3.3273,4.2941,98.36,1.0
GLN,132,-7.7635,10.4242,0.9335,98.39,1.0
LYS,133,-8.8345,12.3386,8.5632,97.78,1.0
VAL,134,-4.9159,6.0049,7.5822,97.89,1.0
VAL,135,-3.2267,7.2839,2.4632,98.13,1.0
ALA,136,-2.2507,12.1443,4.3778,97.41,1.0
GLY,137,-0.264,10.401,8.033,97.37,1.0
VAL,138,1.4099,5.8118,6.5361,97.87,1.0
ALA,139,2.7657,9.9622,3.2893,97.74,1.0
ASN,140,3.3926,13.5827,8.1021,97.49,1.0
ALA,141,4.8512,8.905,9.567,97.57,1.0
LEU,142,7.1234,6.1497,5.2202,97.75,1.0
ALA,143,8.2377,12.3258,5.0143,97.61,1.0
HIS,144,9.4061,12.7846,11.5425,96.54,1.0
LYS,145,13.9843,10.2487,12.0016,95.56,1.0
TYR,146,13.1316,11.7206,3.6487,96.8,1.0
HIS,147,19.1102,14.6183,6.3916,93.96,1.0
